H,W,B,gpu_mean_s,gpu_std_s,cpu_mean_s,cpu_std_s,cucim_mean_s,cucim_std_s,speedup_cpu_over_gpu,speedup_cpu_over_cucim
512,512,1,0.0026151323998419686,0.00019011827750942256,0.009284308800033614,0.0009578548717368526,0.0055414741998902175,0.0031399573568181654,3.5502251437038757,1.6754221828223157
512,512,4,0.009886761000052502,0.0002481024409097616,0.037073401199904765,0.0020915807377833414,0.01579465019995041,0.000146983857866993,3.749802508597901,2.3472125517550975
512,512,16,0.03926787739992506,0.0004492174122278293,0.10946001860011165,0.0011195144958252123,0.06515794959996128,0.0007258596742398041,2.787520636404975,1.6799180955224025
1024,1024,1,0.002568976800012024,3.0525685032175336e-05,0.028168003600058,0.002949747646425795,0.00588258540001334,8.492608151594962e-05,10.964678077250898,4.7883713851386025
1024,1024,4,0.009819803000118555,0.00018909692713455962,0.11350201120003475,0.005074049918352456,0.023478864999924555,0.0003076040862901087,11.558481488749258,4.8342205298424545
1024,1024,16,0.03821694240004945,0.0006691581903185984,0.4378877509999256,0.005085475904804435,0.09216570019989376,0.0006920907073428891,11.45794832083058,4.751092326648763
2048,2048,1,0.003259471199999098,3.720420065916536e-05,0.1562271894001242,0.005016629589265045,0.015530608799963375,0.00016145779813965988,47.930225430483155,10.059308776130697
2048,2048,4,0.013031219800086546,0.00015265767811791002,0.645877343400025,0.005709061762197445,0.061557497599915224,0.00031881258800571684,49.56384385410608,10.492261196155486
2048,2048,16,0.05169962919999307,0.0003629105735046619,2.550041930600128,0.03975801500649494,0.2465481494001324,0.0012411951536663232,49.32418220516889,10.342977372998114
