H,W,B,gpu_mean_s,gpu_std_s,cpu_mean_s,cpu_std_s,speedup_cpu_over_gpu
512,512,1,0.005497368400392588,0.001414804114595182,0.01128579739961424,0.0009114656235989127,2.052945441824179
512,512,4,0.019096951599931345,0.001042118001562475,0.04570107939944137,0.0016689699103111931,2.3931086152831673
512,512,16,0.09517124419944593,0.05033571818823188,0.14849509519990534,0.004902151402422709,1.5602937257887592
1024,1024,1,0.008030148801481118,0.0015579284146402114,0.038211805000901225,0.0026138680556954583,4.758542580662174
1024,1024,4,0.026797055000497495,0.0015171469304838272,0.13405075920090895,0.001703511862562478,5.002443708773978
1024,1024,16,0.0949443894009164,0.0080405303202458,0.3130677671993908,0.005460256735454675,3.2973803841890743
2048,2048,1,0.021120604599855142,0.0005030267721909837,0.13255445800095914,0.0050579864470302015,6.276073081822112
2048,2048,4,0.08363785920009832,0.00048431399767495274,0.5459159081998223,0.0134513552651687,6.527138707529001
2048,2048,16,0.3414745453999785,0.009676253921176667,2.0680026464004184,0.014771188594862657,6.056096052424962
