num_images,huetuber_mean,skimage_mean,huetuber_std,skimage_std,cucim_mean,cucim_std
5,0.012162446975708008,0.04656853675842285,8.232051846458229e-05,0.0006699973836985554,0.02061328887939453,0.00011170999164508179
10,0.024423789978027344,0.0741959571838379,4.84991446320418e-05,0.0003236841648898464,0.041300630569458006,0.00020476409183027236
50,0.12292642593383789,0.3716118812561035,0.0005913670034600791,0.0020934716570207464,0.20263447761535644,0.0013817916276865573
100,0.24255847930908203,0.7491650581359863,0.0027658740606778458,0.008464168289087873,0.4068872928619385,0.004354532360938835
