num_images,huetuber_mean,torchstain_numpy_mean,torchstain_torch_mean,huetuber_std,torchstain_numpy_std,torchstain_torch_std
5,0.007098960876464844,0.3814384937286377,0.28785977363586424,0.002145711047179247,0.006473604381725034,0.02620504990563564
10,0.014495468139648438,0.8118612766265869,0.5043457984924317,0.0002443894221265224,0.0014576426424021856,0.011201818430755925
50,0.05516548156738281,5.069810199737549,2.5843127250671385,0.0023244588448067495,0.04088638198595564,0.06129490127717841
100,0.08475918769836426,10.07068910598755,5.033511209487915,0.005453439187958869,0.020017771266337574,0.04116070661883239
